<?xml version="1.0" encoding="utf-8"?>
<!DOCTYPE rrd SYSTEM "http://oss.oetiker.ch/rrdtool/rrdtool.dtd">
<!-- Round Robin Database Dump -->
<rrd>
	<version>0003</version>
	<step>60</step> <!-- Seconds -->
	<lastupdate>1569300301</lastupdate> <!-- 2019-09-23 23:45:01 CDT -->

	<ds>
		<name> CPUload1 </name>
		<type> GAUGE </type>
		<minimal_heartbeat>600</minimal_heartbeat>
		<min>NaN</min>
		<max>NaN</max>

		<!-- PDP Status -->
		<last_ds>20</last_ds>
		<value>3.0901820000e+01</value>
		<unknown_sec> 0 </unknown_sec>
	</ds>

	<ds>
		<name> CPUload2 </name>
		<type> GAUGE </type>
		<minimal_heartbeat>600</minimal_heartbeat>
		<min>NaN</min>
		<max>NaN</max>

		<!-- PDP Status -->
		<last_ds>9</last_ds>
		<value>1.3905819000e+01</value>
		<unknown_sec> 0 </unknown_sec>
	</ds>

	<ds>
		<name> CPUload3 </name>
		<type> GAUGE </type>
		<minimal_heartbeat>600</minimal_heartbeat>
		<min>NaN</min>
		<max>NaN</max>

		<!-- PDP Status -->
		<last_ds>5</last_ds>
		<value>7.7254550000e+00</value>
		<unknown_sec> 0 </unknown_sec>
	</ds>

	<ds>
		<name> CPUload4 </name>
		<type> GAUGE </type>
		<minimal_heartbeat>600</minimal_heartbeat>
		<min>NaN</min>
		<max>NaN</max>

		<!-- PDP Status -->
		<last_ds>64</last_ds>
		<value>9.8885824000e+01</value>
		<unknown_sec> 0 </unknown_sec>
	</ds>

	<ds>
		<name> CPUload5 </name>
		<type> GAUGE </type>
		<minimal_heartbeat>600</minimal_heartbeat>
		<min>NaN</min>
		<max>NaN</max>

		<!-- PDP Status -->
		<last_ds>4</last_ds>
		<value>6.1803640000e+00</value>
		<unknown_sec> 0 </unknown_sec>
	</ds>

	<ds>
		<name> CPUload6 </name>
		<type> GAUGE </type>
		<minimal_heartbeat>600</minimal_heartbeat>
		<min>NaN</min>
		<max>NaN</max>

		<!-- PDP Status -->
		<last_ds>4</last_ds>
		<value>6.1803640000e+00</value>
		<unknown_sec> 0 </unknown_sec>
	</ds>

	<ds>
		<name> CPUload7 </name>
		<type> GAUGE </type>
		<minimal_heartbeat>600</minimal_heartbeat>
		<min>NaN</min>
		<max>NaN</max>

		<!-- PDP Status -->
		<last_ds>5</last_ds>
		<value>7.7254550000e+00</value>
		<unknown_sec> 0 </unknown_sec>
	</ds>

	<ds>
		<name> CPUload8 </name>
		<type> GAUGE </type>
		<minimal_heartbeat>600</minimal_heartbeat>
		<min>NaN</min>
		<max>NaN</max>

		<!-- PDP Status -->
		<last_ds>28</last_ds>
		<value>4.3262548000e+01</value>
		<unknown_sec> 0 </unknown_sec>
	</ds>

	<!-- Round Robin Archives -->
	<rra>
		<cf>AVERAGE</cf>
		<pdp_per_row>1</pdp_per_row> <!-- 60 seconds -->

		<params>
		<xff>5.0000000000e-01</xff>
		</params>
		<cdp_prep>
			<ds>
			<primary_value>1.3963264209e+01</primary_value>
			<secondary_value>NaN</secondary_value>
			<value>NaN</value>
			<unknown_datapoints>0</unknown_datapoints>
			</ds>
			<ds>
			<primary_value>7.8928431163e+00</primary_value>
			<secondary_value>NaN</secondary_value>
			<value>NaN</value>
			<unknown_datapoints>0</unknown_datapoints>
			</ds>
			<ds>
			<primary_value>5.4955668372e+00</primary_value>
			<secondary_value>NaN</secondary_value>
			<value>NaN</value>
			<unknown_datapoints>0</unknown_datapoints>
			</ds>
			<ds>
			<primary_value>3.0314477744e+01</primary_value>
			<secondary_value>NaN</secondary_value>
			<value>NaN</value>
			<unknown_datapoints>0</unknown_datapoints>
			</ds>
			<ds>
			<primary_value>5.2575460930e+00</primary_value>
			<secondary_value>NaN</secondary_value>
			<value>NaN</value>
			<unknown_datapoints>0</unknown_datapoints>
			</ds>
			<ds>
			<primary_value>4.9192368605e+00</primary_value>
			<secondary_value>NaN</secondary_value>
			<value>NaN</value>
			<unknown_datapoints>0</unknown_datapoints>
			</ds>
			<ds>
			<primary_value>4.7023012558e+00</primary_value>
			<secondary_value>NaN</secondary_value>
			<value>NaN</value>
			<unknown_datapoints>0</unknown_datapoints>
			</ds>
			<ds>
			<primary_value>1.5454749535e+01</primary_value>
			<secondary_value>NaN</secondary_value>
			<value>NaN</value>
			<unknown_datapoints>0</unknown_datapoints>
			</ds>
		</cdp_prep>
		<database>
			<!-- 2019-09-23 23:22:00 CDT / 1569298920 --> <row><v>1.0090453708e+01</v><v>8.9171305361e+00</v><v>1.9157219539e+01</v><v>6.6243013528e+00</v><v>7.1150529583e+00</v><v>6.0438348417e+00</v><v>5.6041773194e+00</v><v>7.4757889028e+00</v></row>
			<!-- 2019-09-23 23:23:00 CDT / 1569298980 --> <row><v>1.0090453708e+01</v><v>8.9171305361e+00</v><v>1.9157219539e+01</v><v>6.6243013528e+00</v><v>7.1150529583e+00</v><v>6.0438348417e+00</v><v>5.6041773194e+00</v><v>7.4757889028e+00</v></row>
			<!-- 2019-09-23 23:24:00 CDT / 1569299040 --> <row><v>9.1617672000e+00</v><v>9.1527854500e+00</v><v>7.8472145500e+00</v><v>6.3684910000e+00</v><v>5.8472145500e+00</v><v>5.7663309500e+00</v><v>6.0000000000e+00</v><v>8.1527854500e+00</v></row>
			<!-- 2019-09-23 23:25:00 CDT / 1569299100 --> <row><v>1.2124659600e+01</v><v>8.7973196167e+00</v><v>6.6857089500e+00</v><v>2.2108525300e+01</v><v>5.3785221833e+00</v><v>7.7518270500e+00</v><v>6.9656250667e+00</v><v>1.3302930567e+01</v></row>
			<!-- 2019-09-23 23:26:00 CDT / 1569299160 --> <row><v>1.9253762300e+01</v><v>1.2409131517e+01</v><v>9.8634553500e+00</v><v>1.2989817983e+01</v><v>1.1976846433e+01</v><v>1.0328224250e+01</v><v>1.0956573950e+01</v><v>2.1532743083e+01</v></row>
			<!-- 2019-09-23 23:27:00 CDT / 1569299220 --> <row><v>2.4764253000e+01</v><v>2.2221047467e+01</v><v>3.2296749317e+01</v><v>1.6127006183e+01</v><v>1.3576350567e+01</v><v>1.3272544900e+01</v><v>1.0940114333e+01</v><v>1.3886081767e+01</v></row>
			<!-- 2019-09-23 23:28:00 CDT / 1569299280 --> <row><v>NaN</v><v>NaN</v><v>NaN</v><v>NaN</v><v>NaN</v><v>NaN</v><v>NaN</v><v>NaN</v></row>
			<!-- 2019-09-23 23:29:00 CDT / 1569299340 --> <row><v>NaN</v><v>NaN</v><v>NaN</v><v>NaN</v><v>NaN</v><v>NaN</v><v>NaN</v><v>NaN</v></row>
			<!-- 2019-09-23 23:30:00 CDT / 1569299400 --> <row><v>NaN</v><v>NaN</v><v>NaN</v><v>NaN</v><v>NaN</v><v>NaN</v><v>NaN</v><v>NaN</v></row>
			<!-- 2019-09-23 23:31:00 CDT / 1569299460 --> <row><v>NaN</v><v>NaN</v><v>NaN</v><v>NaN</v><v>NaN</v><v>NaN</v><v>NaN</v><v>NaN</v></row>
			<!-- 2019-09-23 23:32:00 CDT / 1569299520 --> <row><v>NaN</v><v>NaN</v><v>NaN</v><v>NaN</v><v>NaN</v><v>NaN</v><v>NaN</v><v>NaN</v></row>
			<!-- 2019-09-23 23:33:00 CDT / 1569299580 --> <row><v>NaN</v><v>NaN</v><v>NaN</v><v>NaN</v><v>NaN</v><v>NaN</v><v>NaN</v><v>NaN</v></row>
			<!-- 2019-09-23 23:34:00 CDT / 1569299640 --> <row><v>NaN</v><v>NaN</v><v>NaN</v><v>NaN</v><v>NaN</v><v>NaN</v><v>NaN</v><v>NaN</v></row>
			<!-- 2019-09-23 23:35:00 CDT / 1569299700 --> <row><v>NaN</v><v>NaN</v><v>NaN</v><v>NaN</v><v>NaN</v><v>NaN</v><v>NaN</v><v>NaN</v></row>
			<!-- 2019-09-23 23:36:00 CDT / 1569299760 --> <row><v>NaN</v><v>NaN</v><v>NaN</v><v>NaN</v><v>NaN</v><v>NaN</v><v>NaN</v><v>NaN</v></row>
			<!-- 2019-09-23 23:37:00 CDT / 1569299820 --> <row><v>NaN</v><v>NaN</v><v>NaN</v><v>NaN</v><v>NaN</v><v>NaN</v><v>NaN</v><v>NaN</v></row>
			<!-- 2019-09-23 23:38:00 CDT / 1569299880 --> <row><v>NaN</v><v>NaN</v><v>NaN</v><v>NaN</v><v>NaN</v><v>NaN</v><v>NaN</v><v>NaN</v></row>
			<!-- 2019-09-23 23:39:00 CDT / 1569299940 --> <row><v>NaN</v><v>NaN</v><v>NaN</v><v>NaN</v><v>NaN</v><v>NaN</v><v>NaN</v><v>NaN</v></row>
			<!-- 2019-09-23 23:40:00 CDT / 1569300000 --> <row><v>NaN</v><v>NaN</v><v>NaN</v><v>NaN</v><v>NaN</v><v>NaN</v><v>NaN</v><v>NaN</v></row>
			<!-- 2019-09-23 23:41:00 CDT / 1569300060 --> <row><v>NaN</v><v>NaN</v><v>NaN</v><v>NaN</v><v>NaN</v><v>NaN</v><v>NaN</v><v>NaN</v></row>
			<!-- 2019-09-23 23:42:00 CDT / 1569300120 --> <row><v>NaN</v><v>NaN</v><v>NaN</v><v>NaN</v><v>NaN</v><v>NaN</v><v>NaN</v><v>NaN</v></row>
			<!-- 2019-09-23 23:43:00 CDT / 1569300180 --> <row><v>NaN</v><v>NaN</v><v>NaN</v><v>NaN</v><v>NaN</v><v>NaN</v><v>NaN</v><v>NaN</v></row>
			<!-- 2019-09-23 23:44:00 CDT / 1569300240 --> <row><v>NaN</v><v>NaN</v><v>NaN</v><v>NaN</v><v>NaN</v><v>NaN</v><v>NaN</v><v>NaN</v></row>
			<!-- 2019-09-23 23:45:00 CDT / 1569300300 --> <row><v>1.3963264209e+01</v><v>7.8928431163e+00</v><v>5.4955668372e+00</v><v>3.0314477744e+01</v><v>5.2575460930e+00</v><v>4.9192368605e+00</v><v>4.7023012558e+00</v><v>1.5454749535e+01</v></row>
		</database>
	</rra>
</rrd>
